id,first_name,player_name,dateofbirth,gender,batting_hand,bowling_type,role,country_id,country,image,Test,ODI,T20,ipl_team,retired
291,Gulbadin,Gulbadin Naib,16-03-1991,m,right-hand-bat,right-arm-fast,Batting Allrounder,43444,Afghanistan,https://cdn.sportmonks.com/images/countries/png/short/af.png,2,89,78,DC,n
294,Mujeeb,Mujeeb Ur Rahman,28-03-2001,m,right-hand-bat,right-arm-offbreak,Spinner,43444,Afghanistan,https://cdn.sportmonks.com/images/countries/png/short/af.png,1,75,60,MI,n
303,Mohammad,Mohammad Nabi,01-01-1985,m,right-hand-bat,right-arm-offbreak,Batting Allrounder,43444,Afghanistan,https://cdn.sportmonks.com/images/countries/png/short/af.png,3,176,147,MI,n
306,Rashid,Rashid Khan,20-09-1998,m,right-hand-bat,legbreak,Spinner,43444,Afghanistan,https://cdn.sportmonks.com/images/countries/png/short/af.png,5,105,93,GT,n
311,Hazratullah,Hazratullah Zazai,23-03-1998,m,left-hand-bat,slow-left-arm-orthodox,Middle Order Batter,43444,Afghanistan,https://cdn.sportmonks.com/images/countries/png/short/af.png,0,16,45,NA,n
312,Karim,Karim Janat,11-08-1998,m,right-hand-bat,right-arm-fast,Bowling Allrounder,43444,Afghanistan,https://cdn.sportmonks.com/images/countries/png/short/af.png,2,3,75,NA,n
313,Mohammad,Mohammad Shahzad,31-01-1988,m,right-hand-bat,does not bowl,Wicketkeeper,43444,Afghanistan,https://cdn.sportmonks.com/images/countries/png/short/af.png,2,84,73,NA,n
344,Rahmanullah,Rahmanullah Gurbaz,28-11-2001,m,right-hand-bat,does not bowl,Wicketkeeper,43444,Afghanistan,https://cdn.sportmonks.com/images/countries/png/short/af.png,2,58,68,KKR,n
370,Naveen ul,Naveen ul Haq,23-09-1999,m,right-hand-bat,right-arm-fast,Medium Pacer,43444,Afghanistan,https://cdn.sportmonks.com/images/countries/png/short/af.png,0,15,48,LSG,n
375,Ibrahim,Ibrahim Zadran,12-12-2001,m,right-hand-bat,right-arm-fast,Top Order Batter,43444,Afghanistan,https://cdn.sportmonks.com/images/countries/png/short/af.png,8,39,60,NA,n
376,Fazalhaq,Fazalhaq Farooqi,22-09-2000,m,right-hand-bat,left-arm-fast,Medium Pacer,43444,Afghanistan,https://cdn.sportmonks.com/images/countries/png/short/af.png,0,35,44,RR,n
8490,Noor,Noor Ahmad,01-03-2005,m,left-hand-bat,slow-left-arm-orthodox,Spinner,43444,Afghanistan,https://cdn.sportmonks.com/images/countries/png/short/af.png,0,13,22,CSK,n
22,Tim,Tim Paine,08-12-1984,m,right-hand-bat,right-arm-fast,Wicketkeeper,98,Australia,https://cdn.sportmonks.com/images/countries/png/short/au.png,35,35,12,NA,y
23,Ashton,Ashton Agar,14-10-1993,m,left-hand-bat,slow-left-arm-orthodox,Spinner,98,Australia,https://cdn.sportmonks.com/images/countries/png/short/au.png,5,22,49,NA,n
25,Aaron,Aaron Finch,17-11-1986,m,right-hand-bat,slow-left-arm-orthodox,Top Order Batter,98,Australia,https://cdn.sportmonks.com/images/countries/png/short/au.png,5,146,103,NA,n
26,Travis,Travis Head,29-12-1993,m,left-hand-bat,right-arm-offbreak,Top Order Batter,98,Australia,https://cdn.sportmonks.com/images/countries/png/short/au.png,49,69,38,KKR,n
28,Usman,Usman Khawaja,18-12-1986,m,left-hand-bat,right-arm-fast,Top Order Batter,98,Australia,https://cdn.sportmonks.com/images/countries/png/short/au.png,73,40,9,RPS,y
29,Marnus,Marnus Labuschagne,22-06-1994,m,right-hand-bat,legbreak,Top Order Batter,98,Australia,https://cdn.sportmonks.com/images/countries/png/short/au.png,61,66,1,NA,n
30,Nathan,Nathan Lyon,20-11-1987,m,right-hand-bat,right-arm-offbreak,Spinner,98,Australia,https://cdn.sportmonks.com/images/countries/png/short/au.png,141,29,2,NA,n
31,Mitchell,Mitchell Marsh,20-10-1991,m,right-hand-bat,right-arm-fast,Batting Allrounder,98,Australia,https://cdn.sportmonks.com/images/countries/png/short/au.png,46,99,81,LSG,n
32,Shaun,Shaun Marsh,09-07-1983,m,left-hand-bat,slow-left-arm-orthodox,Top Order Batter,98,Australia,https://cdn.sportmonks.com/images/countries/png/short/au.png,38,73,15,PBKS,y
33,Michael,Michael Neser,29-03-1990,m,right-hand-bat,right-arm-fast,Medium Pacer,98,Australia,https://cdn.sportmonks.com/images/countries/png/short/au.png,3,4,0,NA,n
34,Matt,Matt Renshaw,28-03-1996,m,left-hand-bat,right-arm-offbreak,Middle Order Batter,98,Australia,https://cdn.sportmonks.com/images/countries/png/short/au.png,14,3,0,NA,n
35,Peter,Peter Siddle,25-11-1984,m,right-hand-bat,right-arm-fast,Medium Pacer,98,Australia,https://cdn.sportmonks.com/images/countries/png/short/au.png,67,20,2,NA,y
36,Mitchell,Mitchell Starc,30-01-1990,m,left-hand-bat,left-arm-fast,Medium Pacer,98,Australia,https://cdn.sportmonks.com/images/countries/png/short/au.png,93,123,66,DC,n
37,Alex,Alex Carey,27-08-1991,m,left-hand-bat,does not bowl,Wicketkeeper,98,Australia,https://cdn.sportmonks.com/images/countries/png/short/au.png,30,80,39,DC,n
38,Nathan,Nathan Coulter-Nile,11-10-1987,m,right-hand-bat,right-arm-fast,Medium Pacer,98,Australia,https://cdn.sportmonks.com/images/countries/png/short/au.png,0,32,28,RR,y
39,Chris,Chris Lynn,10-04-1990,m,right-hand-bat,slow-left-arm-orthodox,Top Order Batter,98,Australia,https://cdn.sportmonks.com/images/countries/png/short/au.png,0,4,18,MI,y
40,Glenn,Glenn Maxwell,14-10-1988,m,right-hand-bat,right-arm-offbreak,Batting Allrounder,98,Australia,https://cdn.sportmonks.com/images/countries/png/short/au.png,7,142,113,PBKS,n
41,D'Arcy,D'Arcy Short,09-08-1990,m,left-hand-bat,slow-left-arm-orthodox,Top Order Batter,98,Australia,https://cdn.sportmonks.com/images/countries/png/short/au.png,0,8,23,CSK,n
43,Andrew,Andrew Tye,12-12-1986,m,right-hand-bat,right-arm-fast,Medium Pacer,98,Australia,https://cdn.sportmonks.com/images/countries/png/short/au.png,0,7,32,LSG,y
44,Adam,Adam Zampa,31-03-1992,m,right-hand-bat,legbreak,Spinner,98,Australia,https://cdn.sportmonks.com/images/countries/png/short/au.png,0,104,91,SRH,n
190,Pat,Pat Cummins,08-05-1993,m,right-hand-bat,right-arm-fast,Medium Pacer,98,Australia,https://cdn.sportmonks.com/images/countries/png/short/au.png,71,90,57,SRH,n
191,Josh,Josh Hazlewood,08-01-1991,m,left-hand-bat,right-arm-fast,Medium Pacer,98,Australia,https://cdn.sportmonks.com/images/countries/png/short/au.png,70,81,49,RCB,n
194,Mitchell,Mitchell Swepson,04-10-1993,m,right-hand-bat,legbreak,Spinner,98,Australia,https://cdn.sportmonks.com/images/countries/png/short/au.png,4,3,8,NA,n
195,Joe,Joe Burns,06-09-1989,m,right-hand-bat,right-arm-offbreak,Top Order Batter,98,Australia,https://cdn.sportmonks.com/images/countries/png/short/au.png,23,6,0,NA,n
198,Jhye,Jhye Richardson,20-09-1996,m,right-hand-bat,right-arm-fast,Medium Pacer,98,Australia,https://cdn.sportmonks.com/images/countries/png/short/au.png,3,15,18,DC,n
199,Marcus,Marcus Stoinis,16-08-1989,m,right-hand-bat,right-arm-fast,Batting Allrounder,98,Australia,https://cdn.sportmonks.com/images/countries/png/short/au.png,0,71,80,LSG,n
365,Ben,Ben Cutting,30-01-1987,m,right-hand-bat,right-arm-fast,Batting Allrounder,98,Australia,https://cdn.sportmonks.com/images/countries/png/short/au.png,0,4,7,MI,y
416,George,George Bailey,07-09-1982,m,right-hand-bat,right-arm-fast,Middle Order Batter,98,Australia,https://cdn.sportmonks.com/images/countries/png/short/au.png,5,90,30,PBKS,y
419,James,James Faulkner,29-04-1990,m,right-hand-bat,left-arm-fast,Bowling Allrounder,98,Australia,https://cdn.sportmonks.com/images/countries/png/short/au.png,1,69,24,GL,y
435,Cameron,Cameron White,18-08-1983,m,right-hand-bat,legbreak,Middle Order Batter,98,Australia,https://cdn.sportmonks.com/images/countries/png/short/au.png,4,91,47,SRH,y
436,Marcus,Marcus Harris,21-07-1992,m,left-hand-bat,does not bowl,Top Order Batter,98,Australia,https://cdn.sportmonks.com/images/countries/png/short/au.png,14,0,0,NA,n
437,Brad,Brad Hodge,29-12-1974,m,right-hand-bat,right-arm-offbreak,Batting Allrounder,98,Australia,https://cdn.sportmonks.com/images/countries/png/short/au.png,6,25,15,NA,y
438,Beau,Beau Webster,01-12-1993,m,right-hand-bat,right-arm-offbreak,Batting Allrounder,98,Australia,https://cdn.sportmonks.com/images/countries/png/short/au.png,7,0,0,NA,n
442,Daniel,Daniel Christian,04-05-1983,m,right-hand-bat,right-arm-fast,Bowling Allrounder,98,Australia,https://cdn.sportmonks.com/images/countries/png/short/au.png,0,20,23,RCB,y
446,Kane,Kane Richardson,12-02-1991,m,right-hand-bat,right-arm-fast,Medium Pacer,98,Australia,https://cdn.sportmonks.com/images/countries/png/short/au.png,0,25,36,RCB,n
449,Brad,Brad Hogg,06-02-1971,m,left-hand-bat,slow-left-arm-orthodox,Spinner,98,Australia,https://cdn.sportmonks.com/images/countries/png/short/au.png,7,123,15,KKR,y
454,Peter,Peter Handscomb,26-04-1991,m,right-hand-bat,does not bowl,Middle Order Batter,98,Australia,https://cdn.sportmonks.com/images/countries/png/short/au.png,20,22,2,NA,n
458,Scott,Scott Boland,11-04-1989,m,right-hand-bat,right-arm-fast,Medium Pacer,98,Australia,https://cdn.sportmonks.com/images/countries/png/short/au.png,14,14,3,RPS,n
460,Ben,Ben Hilfenhaus,15-03-1983,m,right-hand-bat,right-arm-fast,Medium Pacer,98,Australia,https://cdn.sportmonks.com/images/countries/png/short/au.png,27,25,7,DC,y
615,Cameron,Cameron Bancroft,19-11-1992,m,right-hand-bat,does not bowl,Wicketkeeper,98,Australia,https://cdn.sportmonks.com/images/countries/png/short/au.png,10,0,2,NA,y
617,Tim,Tim David,16-03-1996,m,right-hand-bat,right-arm-offbreak,Middle Order Batter,98,Australia,https://cdn.sportmonks.com/images/countries/png/short/au.png,0,22,47,RCB,n
620,Ashton,Ashton Turner,25-01-1993,m,right-hand-bat,right-arm-offbreak,Middle Order Batter,98,Australia,https://cdn.sportmonks.com/images/countries/png/short/au.png,0,9,19,NA,n
623,Josh,Josh Inglis,04-03-1995,m,right-hand-bat,does not bowl,Wicketkeeper,98,Australia,https://cdn.sportmonks.com/images/countries/png/short/au.png,0,18,25,PBKS,n
624,Josh,Josh Philippe,01-06-1997,m,right-hand-bat,does not bowl,Wicketkeeper,98,Australia,https://cdn.sportmonks.com/images/countries/png/short/au.png,0,3,10,RCB,n
626,Jason,Jason Behrendorff,20-04-1990,m,right-hand-bat,left-arm-fast,Medium Pacer,98,Australia,https://cdn.sportmonks.com/images/countries/png/short/au.png,0,12,14,MI,n
627,Mitchell,Mitchell Johnson,02-11-1981,m,left-hand-bat,left-arm-fast,Medium Pacer,98,Australia,https://cdn.sportmonks.com/images/countries/png/short/au.png,73,153,30,MI,y
630,Cameron,Cameron Green,03-06-1999,m,right-hand-bat,right-arm-fast,Batting Allrounder,98,Australia,https://cdn.sportmonks.com/images/countries/png/short/au.png,29,24,8,RCB,n
738,David,David Warner,27-10-1986,m,left-hand-bat,legbreak,Top Order Batter,98,Australia,https://cdn.sportmonks.com/images/countries/png/short/au.png,120,167,108,DC,y
765,Moises,Moises Henriques,01-02-1987,m,right-hand-bat,right-arm-fast,Batting Allrounder,98,Australia,https://cdn.sportmonks.com/images/countries/png/short/au.png,4,16,29,PBKS,y
768,Steven,Steven Smith,02-06-1989,m,right-hand-bat,legbreak,Top Order Batter,98,Australia,https://cdn.sportmonks.com/images/countries/png/short/au.png,114,163,67,DC,n
787,Shane,Shane Watson,17-06-1981,m,right-hand-bat,right-arm-fast,Batting Allrounder,98,Australia,https://cdn.sportmonks.com/images/countries/png/short/au.png,59,190,58,CSK,y
872,Sean,Sean Abbott,29-02-1992,m,right-hand-bat,right-arm-fast,Bowling Allrounder,98,Australia,https://cdn.sportmonks.com/images/countries/png/short/au.png,0,20,15,SRH,y
896,Steve,Steve O'Keefe,09-12-1984,m,right-hand-bat,slow-left-arm-orthodox,Bowling Allrounder,98,Australia,https://cdn.sportmonks.com/images/countries/png/short/au.png,9,0,7,NA,y
902,Daniel,Daniel Sams,27-10-1992,m,right-hand-bat,left-arm-fast,Bowling Allrounder,98,Australia,https://cdn.sportmonks.com/images/countries/png/short/au.png,0,0,10,LSG,n
1238,Brad,Brad Haddin,23-10-1977,m,right-hand-bat,does not bowl,Wicketkeeper,98,Australia,https://cdn.sportmonks.com/images/countries/png/short/au.png,66,126,34,NA,y
1325,Shaun,Shaun Tait,22-02-1983,m,right-hand-bat,right-arm-fast,Medium Pacer,98,Australia,https://cdn.sportmonks.com/images/countries/png/short/au.png,3,35,21,RR,y
1496,Ricky,Ricky Ponting,19-12-1974,m,right-hand-bat,right-arm-fast,Top Order Batter,98,Australia,https://cdn.sportmonks.com/images/countries/png/short/au.png,168,375,17,MI,y
1505,Michael,Michael Clarke,02-04-1981,m,right-hand-bat,slow-left-arm-orthodox,Top Order Batter,98,Australia,https://cdn.sportmonks.com/images/countries/png/short/au.png,115,245,34,PWI,y
1508,Adam,Adam Gilchrist,14-11-1971,m,left-hand-bat,right-arm-offbreak,Wicketkeeper,98,Australia,https://cdn.sportmonks.com/images/countries/png/short/au.png,96,287,13,KXIP,y
1511,Matthew,Matthew Hayden,29-10-1971,m,left-hand-bat,right-arm-fast,Top Order Batter,98,Australia,https://cdn.sportmonks.com/images/countries/png/short/au.png,103,161,9,CSK,y
1514,Glenn,Glenn McGrath,09-02-1970,m,right-hand-bat,right-arm-fast,Medium Pacer,98,Australia,https://cdn.sportmonks.com/images/countries/png/short/au.png,124,250,2,DD,y
1517,Andrew,Andrew Symonds,09-06-1975,m,right-hand-bat,right-arm-fast,Batting Allrounder,98,Australia,https://cdn.sportmonks.com/images/countries/png/short/au.png,26,198,14,MI,y
1520,Michael,Michael Hussey,27-05-1975,m,left-hand-bat,right-arm-fast,Top Order Batter,98,Australia,https://cdn.sportmonks.com/images/countries/png/short/au.png,79,185,38,CSK,y
2078,David,David Hussey,15-07-1977,m,right-hand-bat,right-arm-offbreak,Middle Order Batter,98,Australia,https://cdn.sportmonks.com/images/countries/png/short/au.png,0,69,39,CSK,y
2084,Brett,Brett Lee,14-01-1983,m,right-hand-bat,right-arm-fast,Medium Pacer,98,Australia,https://cdn.sportmonks.com/images/countries/png/short/au.png,76,221,25,KKR,y
2666,Doug,Doug Bollinger,24-07-1981,m,left-hand-bat,left-arm-fast,Medium Pacer,98,Australia,https://cdn.sportmonks.com/images/countries/png/short/au.png,12,39,9,CSK,y
2834,Dirk,Dirk Nannes,16-05-1976,m,right-hand-bat,left-arm-fast,Medium Pacer,98,Australia,https://cdn.sportmonks.com/images/countries/png/short/au.png,0,1,17,CSK,y
2876,Aiden,Aiden Blizzard,27-06-1984,m,left-hand-bat,left-arm-fast,Middle Order Batter,98,Australia,https://cdn.sportmonks.com/images/countries/png/short/au.png,0,0,0,MI,y
3266,Adam,Adam Voges,04-10-1979,m,right-hand-bat,slow-left-arm-orthodox,Top Order Batter,98,Australia,https://cdn.sportmonks.com/images/countries/png/short/au.png,20,31,7,RR,y
4220,Ryan,Ryan Harris,11-10-1979,m,right-hand-bat,right-arm-fast,Medium Pacer,98,Australia,https://cdn.sportmonks.com/images/countries/png/short/au.png,27,21,3,KXIP,y
4694,Chris,Chris Rogers,31-08-1977,m,left-hand-bat,legbreak,Top Order Batter,98,Australia,https://cdn.sportmonks.com/images/countries/png/short/au.png,25,0,0,NA,y
4949,Jake,Jake Fraser-McGurk,11-04-2002,m,right-hand-bat,legbreak,Top Order Batter,98,Australia,https://cdn.sportmonks.com/images/countries/png/short/au.png,0,7,8,DC,n
5564,Will,Will Pucovski,02-02-1998,m,right-hand-bat,does not bowl,Top Order Batter,98,Australia,https://cdn.sportmonks.com/images/countries/png/short/au.png,1,0,0,NA,y
9906,Nathan,Nathan Ellis,22-09-1994,m,right-hand-bat,right-arm-fast,Medium Pacer,98,Australia,https://cdn.sportmonks.com/images/countries/png/short/au.png,0,10,18,CSK,n
10113,Tanveer,Tanveer Sangha,26-11-2001,m,right-hand-bat,legbreak,Spinner,98,Australia,https://cdn.sportmonks.com/images/countries/png/short/au.png,0,2,5,NA,n
10131,Cooper,Cooper Connolly,22-08-2003,m,left-hand-bat,slow-left-arm-orthodox,Batting Allrounder,98,Australia,https://cdn.sportmonks.com/images/countries/png/short/au.png,0,0,0,NA,n
10776,Michael,Michael Bevan,08-05-1970,m,left-hand-bat,slow-left-arm-orthodox,Middle Order Batter,98,Australia,https://cdn.sportmonks.com/images/countries/png/short/au.png,18,232,0,NA,y
11019,Simon,Simon Katich,21-08-1975,m,left-hand-bat,slow-left-arm-orthodox,Middle Order Batter,98,Australia,https://cdn.sportmonks.com/images/countries/png/short/au.png,56,45,3,KXIP,y
11055,Justin,Justin Langer,21-11-1970,m,left-hand-bat,right-arm-fast,Top Order Batter,98,Australia,https://cdn.sportmonks.com/images/countries/png/short/au.png,105,8,0,MI,y
11058,Shane,Shane Warne,13-09-1969,m,right-hand-bat,legbreak,Spinner,98,Australia,https://cdn.sportmonks.com/images/countries/png/short/au.png,145,194,0,RR,y
234,Mahedi,Mahedi Hasan,12-12-1994,m,right-hand-bat,right-arm-fast,Bowling Allrounder,155043,Bangladesh,https://cdn.sportmonks.com/images/countries/png/short/bd.png,0,11,70,NA,n
235,Mehidy,Mehidy Hasan Miraz,25-10-1997,m,right-hand-bat,right-arm-offbreak,Batting Allrounder,155043,Bangladesh,https://cdn.sportmonks.com/images/countries/png/short/bd.png,56,114,34,NA,n
237,Mustafizur,Mustafizur Rahman,06-09-1995,m,left-hand-bat,left-arm-fast,Medium Pacer,155043,Bangladesh,https://cdn.sportmonks.com/images/countries/png/short/bd.png,15,101,99,DC,n
239,Shakib,Shakib Al Hasan,24-03-1987,m,left-hand-bat,slow-left-arm-orthodox,Bowling Allrounder,155043,Bangladesh,https://cdn.sportmonks.com/images/countries/png/short/bd.png,67,250,128,KKR,y
240,Tamim,Tamim Iqbal,20-03-1989,m,left-hand-bat,does not bowl,Top Order Batter,155043,Bangladesh,https://cdn.sportmonks.com/images/countries/png/short/bd.png,70,243,78,NA,y
244,Mohammad,Mohammad Mahmudullah,04-02-1986,m,right-hand-bat,right-arm-offbreak,Bowling Allrounder,155043,Bangladesh,https://cdn.sportmonks.com/images/countries/png/short/bd.png,50,224,123,NA,y
248,Rubel,Rubel Hossain,01-01-1990,m,right-hand-bat,right-arm-fast,Medium Pacer,155043,Bangladesh,https://cdn.sportmonks.com/images/countries/png/short/bd.png,27,101,28,NA,n
249,Soumya,Soumya Sarkar,25-02-1993,m,left-hand-bat,right-arm-fast,Top Order Batter,155043,Bangladesh,https://cdn.sportmonks.com/images/countries/png/short/bd.png,18,61,78,NA,n
250,Taskin,Taskin Ahmed,03-04-1995,m,left-hand-bat,right-arm-fast,Medium Pacer,155043,Bangladesh,https://cdn.sportmonks.com/images/countries/png/short/bd.png,15,69,60,NA,n
253,Litton,Litton Das,13-10-1994,m,right-hand-bat,does not bowl,Wicketkeeper,155043,Bangladesh,https://cdn.sportmonks.com/images/countries/png/short/bd.png,41,86,78,KKR,n
254,Mashrafe,Mashrafe Mortaza,05-10-1983,m,right-hand-bat,right-arm-fast,Medium Pacer,155043,Bangladesh,https://cdn.sportmonks.com/images/countries/png/short/bd.png,36,220,54,NA,y
256,Mushfiqur,Mushfiqur Rahim,09-06-1987,m,right-hand-bat,does not bowl,Wicketkeeper,155043,Bangladesh,https://cdn.sportmonks.com/images/countries/png/short/bd.png,89,275,102,NA,n
131,Moeen,Moeen Ali,18-06-1987,m,left-hand-bat,right-arm-offbreak,Batting Allrounder,462,England,https://cdn.sportmonks.com/images/countries/png/short/gb.png,69,141,86,CSK,y
132,Jake,Jake Ball,14-03-1991,m,right-hand-bat,right-arm-fast,Medium Pacer,462,England,https://cdn.sportmonks.com/images/countries/png/short/gb.png,4,18,2,NA,y
133,Stuart,Stuart Broad,24-06-1986,m,left-hand-bat,right-arm-fast,Medium Pacer,462,England,https://cdn.sportmonks.com/images/countries/png/short/gb.png,167,121,56,NA,y
134,Sam,Sam Curran,03-06-1998,m,left-hand-bat,left-arm-fast,Bowling Allrounder,462,England,https://cdn.sportmonks.com/images/countries/png/short/gb.png,24,33,42,CSK,n
135,Keaton,Keaton Jennings,19-06-1992,m,left-hand-bat,right-arm-fast,Top Order Batter,462,England,https://cdn.sportmonks.com/images/countries/png/short/gb.png,17,0,0,NA,n
136,Dawid,Dawid Malan,03-09-1987,m,left-hand-bat,legbreak,Top Order Batter,462,England,https://cdn.sportmonks.com/images/countries/png/short/gb.png,22,27,62,PBKS,y
137,Liam,Liam Plunkett,06-04-1985,m,right-hand-bat,right-arm-fast,Medium Pacer,462,England,https://cdn.sportmonks.com/images/countries/png/short/gb.png,13,89,22,DD,y
138,Joe,Joe Root,30-12-1990,m,right-hand-bat,right-arm-offbreak,Top Order Batter,462,England,https://cdn.sportmonks.com/images/countries/png/short/gb.png,147,178,32,RR,n
139,Olly,Olly Stone,09-10-1993,m,right-hand-bat,right-arm-fast,Medium Pacer,462,England,https://cdn.sportmonks.com/images/countries/png/short/gb.png,3,9,1,NA,y
140,David,David Willey,28-02-1990,m,left-hand-bat,left-arm-fast,Bowling Allrounder,462,England,https://cdn.sportmonks.com/images/countries/png/short/gb.png,0,78,49,RCB,y
141,James,James Anderson,30-07-1982,m,left-hand-bat,right-arm-fast,Medium Pacer,462,England,https://cdn.sportmonks.com/images/countries/png/short/gb.png,189,194,19,NA,y
142,Dominic,Dominic Bess,22-07-1997,m,right-hand-bat,right-arm-offbreak,Spinner,462,England,https://cdn.sportmonks.com/images/countries/png/short/gb.png,14,0,0,NA,n
143,Jos,Jos Buttler,08-09-1990,m,right-hand-bat,does not bowl,Wicketkeeper,462,England,https://cdn.sportmonks.com/images/countries/png/short/gb.png,57,188,121,GT,n
144,Liam,Liam Dawson,01-03-1990,m,right-hand-bat,slow-left-arm-orthodox,Spinner,462,England,https://cdn.sportmonks.com/images/countries/png/short/gb.png,3,6,13,NA,n
145,Chris,Chris Jordan,04-10-1988,m,right-hand-bat,right-arm-fast,Bowling Allrounder,462,England,https://cdn.sportmonks.com/images/countries/png/short/gb.png,8,34,93,MI,n
146,Eoin,Eoin Morgan,10-09-1986,m,left-hand-bat,right-arm-fast,Top Order Batter,462,England,https://cdn.sportmonks.com/images/countries/png/short/gb.png,16,248,115,KKR,y
147,Ollie,Ollie Pope,02-01-1998,m,right-hand-bat,does not bowl,Top Order Batter,462,England,https://cdn.sportmonks.com/images/countries/png/short/gb.png,64,1,0,NA,n
148,Jason,Jason Roy,21-07-1990,m,right-hand-bat,does not bowl,Top Order Batter,462,England,https://cdn.sportmonks.com/images/countries/png/short/gb.png,5,116,64,KKR,n
150,Chris,Chris Woakes,02-03-1989,m,right-hand-bat,right-arm-fast,Bowling Allrounder,462,England,https://cdn.sportmonks.com/images/countries/png/short/gb.png,48,122,33,DC,y
151,Jonny,Jonny Bairstow,26-09-1989,m,right-hand-bat,right-arm-fast,Wicketkeeper,462,England,https://cdn.sportmonks.com/images/countries/png/short/gb.png,104,106,77,MI,n
152,Sam,Sam Billings,15-06-1991,m,right-hand-bat,does not bowl,Wicketkeeper,462,England,https://cdn.sportmonks.com/images/countries/png/short/gb.png,3,30,41,KKR,n
153,Alastair,Alastair Cook,25-12-1984,m,left-hand-bat,right-arm-offbreak,Top Order Batter,462,England,https://cdn.sportmonks.com/images/countries/png/short/gb.png,161,92,4,NA,y
154,Alex,Alex Hales,03-01-1989,m,right-hand-bat,right-arm-fast,Top Order Batter,462,England,https://cdn.sportmonks.com/images/countries/png/short/gb.png,11,70,75,SRH,y
155,Jack,Jack Leach,22-06-1991,m,left-hand-bat,slow-left-arm-orthodox,Spinner,462,England,https://cdn.sportmonks.com/images/countries/png/short/gb.png,36,2,0,NA,n
156,Craig,Craig Overton,10-04-1994,m,right-hand-bat,right-arm-fast,Medium Pacer,462,England,https://cdn.sportmonks.com/images/countries/png/short/gb.png,8,7,4,NA,n
157,Adil,Adil Rashid,17-02-1988,m,right-hand-bat,legbreak,Spinner,462,England,https://cdn.sportmonks.com/images/countries/png/short/gb.png,19,139,108,SRH,n
158,Ben,Ben Stokes,04-06-1991,m,left-hand-bat,right-arm-fast,Batting Allrounder,462,England,https://cdn.sportmonks.com/images/countries/png/short/gb.png,107,118,43,CSK,n
159,James,James Vince,14-03-1991,m,right-hand-bat,right-arm-fast,Top Order Batter,462,England,https://cdn.sportmonks.com/images/countries/png/short/gb.png,13,25,22,NA,n
160,Mark,Mark Wood,11-01-1990,m,right-hand-bat,right-arm-fast,Medium Pacer,462,England,https://cdn.sportmonks.com/images/countries/png/short/gb.png,35,68,33,LSG,n
327,Tom,Tom Curran,12-03-1995,m,right-hand-bat,right-arm-fast,Bowling Allrounder,462,England,https://cdn.sportmonks.com/images/countries/png/short/gb.png,2,28,30,DC,n
328,Joe,Joe Denly,16-03-1986,m,right-hand-bat,legbreak,Spinner,462,England,https://cdn.sportmonks.com/images/countries/png/short/gb.png,2,16,13,NA,n
329,Rory,Rory Burns,26-08-1990,m,left-hand-bat,right-arm-fast,Top Order Batter,462,England,https://cdn.sportmonks.com/images/countries/png/short/gb.png,32,0,0,NA,n
361,Tymal,Tymal Mills,12-08-1992,m,right-hand-bat,left-arm-fast,Medium Pacer,462,England,https://cdn.sportmonks.com/images/countries/png/short/gb.png,0,0,18,MI,n
380,Ravi,Ravi Bopara,04-05-1985,m,right-hand-bat,right-arm-fast,Batting Allrounder,462,England,https://cdn.sportmonks.com/images/countries/png/short/gb.png,13,120,38,SRH,y
424,Jofra,Jofra Archer,01-04-1995,m,right-hand-bat,right-arm-fast,Medium Pacer,462,England,https://cdn.sportmonks.com/images/countries/png/short/gb.png,13,21,15,RR,n
621,Tim,Tim Bresnan,28-02-1985,m,right-hand-bat,right-arm-fast,Bowling Allrounder,462,England,https://cdn.sportmonks.com/images/countries/png/short/gb.png,23,85,34,MI,y
670,Ben,Ben Duckett,17-10-1994,m,left-hand-bat,right-arm-offbreak,Top Order Batter,462,England,https://cdn.sportmonks.com/images/countries/png/short/gb.png,20,10,13,NA,n
780,Liam,Liam Livingstone,04-08-1993,m,right-hand-bat,legbreak,Batting Allrounder,462,England,https://cdn.sportmonks.com/images/countries/png/short/gb.png,0,20,47,PBKS,n
1040,Ian,Ian Bell,11-04-1982,m,right-hand-bat,right-arm-fast,Middle Order Batter,462,England,https://cdn.sportmonks.com/images/countries/png/short/gb.png,118,161,8,NA,y
1262,Owais,Owais Shah,22-10-1978,m,right-hand-bat,right-arm-offbreak,Middle Order Batter,462,England,https://cdn.sportmonks.com/images/countries/png/short/gb.png,6,71,17,RR,y
1337,Kevin,Kevin Pietersen,27-06-1980,m,right-hand-bat,right-arm-offbreak,Middle Order Batter,462,England,https://cdn.sportmonks.com/images/countries/png/short/gb.png,104,136,37,RPS,y
1376,Steven,Steven Finn,04-04-1989,m,right-hand-bat,right-arm-fast,Medium Pacer,462,England,https://cdn.sportmonks.com/images/countries/png/short/gb.png,36,69,21,NA,y
1838,Michael,Michael Vaughan,29-10-1974,m,right-hand-bat,right-arm-offbreak,Top Order Batter,462,England,https://cdn.sportmonks.com/images/countries/png/short/gb.png,82,86,2,NA,y
1841,Paul,Paul Collingwood,26-05-1976,m,right-hand-bat,right-arm-fast,Top Order Batter,462,England,https://cdn.sportmonks.com/images/countries/png/short/gb.png,68,197,36,DD,y
1847,Andrew,Andrew Flintoff,06-12-1977,m,right-hand-bat,right-arm-fast,Bowling Allrounder,462,England,https://cdn.sportmonks.com/images/countries/png/short/gb.png,79,141,7,CSK,y
1862,Monty,Monty Panesar,25-04-1982,m,left-hand-bat,slow-left-arm-orthodox,Spinner,462,England,https://cdn.sportmonks.com/images/countries/png/short/gb.png,50,26,1,NA,y
1865,Andrew,Andrew Strauss,02-03-1977,m,left-hand-bat,left-arm-fast,Top Order Batter,462,England,https://cdn.sportmonks.com/images/countries/png/short/gb.png,100,127,4,NA,y
2249,Matt,Matt Prior,26-02-1982,m,right-hand-bat,does not bowl,Wicketkeeper,462,England,https://cdn.sportmonks.com/images/countries/png/short/gb.png,79,68,10,NA,y
2255,Graeme,Graeme Swann,24-03-1979,m,right-hand-bat,right-arm-offbreak,Spinner,462,England,https://cdn.sportmonks.com/images/countries/png/short/gb.png,60,79,39,NA,y
2261,Jonathan,Jonathan Trott,22-04-1981,m,right-hand-bat,right-arm-fast,Middle Order Batter,462,England,https://cdn.sportmonks.com/images/countries/png/short/gb.png,52,68,7,NA,y
2294,James,James Tredwell,27-02-1982,m,left-hand-bat,right-arm-offbreak,Spinner,462,England,https://cdn.sportmonks.com/images/countries/png/short/gb.png,2,45,17,NA,y
2408,Reece,Reece Topley,21-02-1994,m,right-hand-bat,left-arm-fast,Medium Pacer,462,England,https://cdn.sportmonks.com/images/countries/png/short/gb.png,0,33,29,MI,y
3164,Ben,Ben Foakes,15-02-1993,m,right-hand-bat,does not bowl,Wicketkeeper,462,England,https://cdn.sportmonks.com/images/countries/png/short/gb.png,21,7,0,NA,n
3431,Philip,Philip Salt,28-08-1996,m,right-hand-bat,right-arm-offbreak,Wicketkeeper,462,England,https://cdn.sportmonks.com/images/countries/png/short/gb.png,0,23,24,RCB,n
3491,Jamie,Jamie Overton,10-04-1994,m,right-hand-bat,right-arm-fast,Medium Pacer,462,England,https://cdn.sportmonks.com/images/countries/png/short/gb.png,1,0,1,CSK,n
3734,Harry,Harry Brook,22-02-1999,m,right-hand-bat,right-arm-fast,Middle Order Batter,462,England,https://cdn.sportmonks.com/images/countries/png/short/gb.png,18,15,37,SRH,n
3806,Will,Will Jacks,21-11-1998,m,right-hand-bat,right-arm-offbreak,Middle Order Batter,462,England,https://cdn.sportmonks.com/images/countries/png/short/gb.png,2,11,11,MI,n
3815,Jamie,Jamie Smith,12-07-2000,m,right-hand-bat,does not bowl,Wicketkeeper,462,England,https://cdn.sportmonks.com/images/countries/png/short/gb.png,15,19,5,NA,n
3890,Zak,Zak Crawley,03-02-1998,m,right-hand-bat,right-arm-offbreak,Top Order Batter,462,England,https://cdn.sportmonks.com/images/countries/png/short/gb.png,52,8,0,NA,n
4145,Josh,Josh Tongue,15-11-1997,m,right-hand-bat,right-arm-fast,Medium Pacer,462,England,https://cdn.sportmonks.com/images/countries/png/short/gb.png,2,2,1,NA,n
5150,Marcus,Marcus Trescothick,25-12-1975,m,left-hand-bat,right-arm-fast,Wicketkeeper,462,England,https://cdn.sportmonks.com/images/countries/png/short/gb.png,76,123,3,NA,y
5177,Gus,Gus Atkinson,19-01-1998,m,right-hand-bat,right-arm-fast,Medium Pacer,462,England,https://cdn.sportmonks.com/images/countries/png/short/gb.png,13,11,4,NA,n
31217,Rehan,Rehan Ahmed,13-08-2004,m,right-hand-bat,legbreak,Spinner,462,England,https://cdn.sportmonks.com/images/countries/png/short/gb.png,5,6,12,NA,n
46,Virat,Virat Kohli,05-11-1988,m,right-hand-bat,right-arm-fast,Top Order Batter,153732,India,https://cdn.sportmonks.com/images/countries/png/short/in.png,112,292,115,RCB,n
47,Lokesh,Lokesh Rahul,18-04-1992,m,right-hand-bat,does not bowl,Wicketkeeper,153732,India,https://cdn.sportmonks.com/images/countries/png/short/in.png,48,75,72,DC,n
48,Prithvi,Prithvi Shaw,09-11-1999,m,right-hand-bat,right-arm-offbreak,Top Order Batter,153732,India,https://cdn.sportmonks.com/images/countries/png/short/in.png,0,9,0,DC,n
49,Mayank,Mayank Agarwal,16-02-1991,m,right-hand-bat,does not bowl,Top Order Batter,153732,India,https://cdn.sportmonks.com/images/countries/png/short/in.png,21,5,0,PBKS,n
50,Cheteshwar,Cheteshwar Pujara,25-01-1988,m,right-hand-bat,legbreak,Top Order Batter,153732,India,https://cdn.sportmonks.com/images/countries/png/short/in.png,103,5,0,KXIP,n
51,Ajinkya,Ajinkya Rahane,06-06-1988,m,right-hand-bat,right-arm-fast,Middle Order Batter,153732,India,https://cdn.sportmonks.com/images/countries/png/short/in.png,85,90,20,KKR,n
52,Hanuma,Hanuma Vihari,13-10-1993,m,right-hand-bat,right-arm-offbreak,Bowling Allrounder,153732,India,https://cdn.sportmonks.com/images/countries/png/short/in.png,16,0,0,DC,n
53,Rishabh,Rishabh Pant,04-10-1997,m,left-hand-bat,does not bowl,Wicketkeeper,153732,India,https://cdn.sportmonks.com/images/countries/png/short/in.png,33,30,66,LSG,n
54,Ravichandran,Ravichandran Ashwin,17-09-1986,m,right-hand-bat,right-arm-offbreak,Bowling Allrounder,153732,India,https://cdn.sportmonks.com/images/countries/png/short/in.png,106,116,65,CSK,n
55,Ravindra,Ravindra Jadeja,06-12-1988,m,left-hand-bat,slow-left-arm-orthodox,Bowling Allrounder,153732,India,https://cdn.sportmonks.com/images/countries/png/short/in.png,89,210,74,CSK,n
56,Kuldeep,Kuldeep Yadav,14-12-1994,m,left-hand-bat,left-arm-chinaman,Spinner,153732,India,https://cdn.sportmonks.com/images/countries/png/short/in.png,17,120,50,DC,n
57,Mohammed,Mohammed Shami,03-09-1990,m,right-hand-bat,right-arm-fast,Medium Pacer,153732,India,https://cdn.sportmonks.com/images/countries/png/short/in.png,64,101,23,SRH,n
58,Umesh,Umesh Yadav,25-10-1987,m,right-hand-bat,right-arm-fast,Medium Pacer,153732,India,https://cdn.sportmonks.com/images/countries/png/short/in.png,57,75,9,GT,n
59,Mohammed,Mohammed Siraj,13-03-1994,m,right-hand-bat,right-arm-fast,Medium Pacer,153732,India,https://cdn.sportmonks.com/images/countries/png/short/in.png,22,41,10,GT,n
60,Yashasvi,Yashasvi Jaiswal,28-12-2001,m,left-hand-bat,right-arm-offbreak,Top Order Batter,153732,India,,26,1,23,RR,n
61,Shardul,Shardul Thakur,16-10-1991,m,right-hand-bat,right-arm-fast,Bowling Allrounder,153732,India,https://cdn.sportmonks.com/images/countries/png/short/in.png,13,47,25,LSG,n
273,Yuzvendra,Yuzvendra Chahal,23-07-1990,m,right-hand-bat,legbreak,Spinner,153732,India,https://cdn.sportmonks.com/images/countries/png/short/in.png,0,72,80,PBKS,n
274,Mahendra Singh,Mahendra Singh Dhoni,07-07-1981,m,right-hand-bat,right-arm-fast,Wicketkeeper,153732,India,https://cdn.sportmonks.com/images/countries/png/short/in.png,90,350,98,CSK,n
275,Dinesh,Dinesh Karthik,01-06-1985,m,right-hand-bat,does not bowl,Wicketkeeper,153732,India,https://cdn.sportmonks.com/images/countries/png/short/in.png,26,94,60,RCB,y
276,Manish,Manish Pandey,10-09-1989,m,right-hand-bat,right-arm-fast,Middle Order Batter,153732,India,https://cdn.sportmonks.com/images/countries/png/short/in.png,0,29,39,KKR,n
277,Suresh,Suresh Raina,27-11-1986,m,left-hand-bat,right-arm-offbreak,Middle Order Batter,153732,India,https://cdn.sportmonks.com/images/countries/png/short/in.png,18,226,78,CSK,y
278,Rohit,Rohit Sharma,30-04-1987,m,right-hand-bat,right-arm-offbreak,Top Order Batter,153732,India,https://cdn.sportmonks.com/images/countries/png/short/in.png,67,282,159,MI,n
279,Deepak,Deepak Chahar,07-08-1992,m,right-hand-bat,right-arm-fast,Medium Pacer,153732,India,https://cdn.sportmonks.com/images/countries/png/short/in.png,0,13,25,MI,n
280,Bhuvneshwar,Bhuvneshwar Kumar,05-02-1990,m,right-hand-bat,right-arm-fast,Medium Pacer,153732,India,https://cdn.sportmonks.com/images/countries/png/short/in.png,21,121,87,RCB,n
281,Hardik,Hardik Pandya,11-10-1993,m,right-hand-bat,right-arm-fast,Batting Allrounder,153732,India,https://cdn.sportmonks.com/images/countries/png/short/in.png,11,94,125,MI,n
282,Ambati,Ambati Rayudu,23-09-1985,m,right-hand-bat,right-arm-offbreak,Middle Order Batter,153732,India,https://cdn.sportmonks.com/images/countries/png/short/in.png,0,55,6,CSK,y
283,Murali,Murali Vijay,01-04-1984,m,right-hand-bat,right-arm-offbreak,Top Order Batter,153732,India,https://cdn.sportmonks.com/images/countries/png/short/in.png,61,17,9,CSK,y
284,Jasprit,Jasprit Bumrah,06-12-1993,m,right-hand-bat,right-arm-fast,Medium Pacer,153732,India,https://cdn.sportmonks.com/images/countries/png/short/in.png,52,89,84,MI,n
285,Shikhar,Shikhar Dhawan,05-12-1985,m,left-hand-bat,right-arm-offbreak,Top Order Batter,153732,India,https://cdn.sportmonks.com/images/countries/png/short/in.png,34,167,68,PBKS,y
286,Kedar,Kedar Jadhav,26-03-1985,m,right-hand-bat,right-arm-offbreak,Batting Allrounder,153732,India,https://cdn.sportmonks.com/images/countries/png/short/in.png,0,73,9,RCB,y
288,Ishant,Ishant Sharma,02-09-1988,m,right-hand-bat,right-arm-fast,Medium Pacer,153732,India,https://cdn.sportmonks.com/images/countries/png/short/in.png,105,80,14,GT,y
322,Khaleel,Khaleel Ahmed,05-12-1997,m,right-hand-bat,left-arm-fast,Medium Pacer,153732,India,https://cdn.sportmonks.com/images/countries/png/short/in.png,0,11,18,CSK,n
815,Axar,Axar Patel,20-01-1994,m,left-hand-bat,slow-left-arm-orthodox,Bowling Allrounder,153732,India,https://cdn.sportmonks.com/images/countries/png/short/in.png,15,71,86,DC,n
869,Siddarth,Siddarth Kaul,19-05-1990,m,right-hand-bat,right-arm-fast,Medium Pacer,153732,India,https://cdn.sportmonks.com/images/countries/png/short/in.png,0,3,3,RCB,y
1724,Rahul,Rahul Dravid,11-01-1973,m,right-hand-bat,right-arm-offbreak,Top Order Batter,153732,India,https://cdn.sportmonks.com/images/countries/png/short/in.png,164,344,1,RR,y
1727,Yuvraj,Yuvraj Singh,12-12-1981,m,left-hand-bat,slow-left-arm-orthodox,Batting Allrounder,153732,India,https://cdn.sportmonks.com/images/countries/png/short/in.png,40,304,58,MI,y
1730,Ajit,Ajit Agarkar,04-12-1977,m,right-hand-bat,right-arm-fast,Medium Pacer,153732,India,https://cdn.sportmonks.com/images/countries/png/short/in.png,26,191,4,MI,y
1733,Sourav,Sourav Ganguly,08-07-1972,m,left-hand-bat,right-arm-fast,Top Order Batter,153732,India,https://cdn.sportmonks.com/images/countries/png/short/in.png,113,311,0,PWI,y
1736,Harbhajan,Harbhajan Singh,03-07-1980,m,right-hand-bat,right-arm-offbreak,Spinner,153732,India,https://cdn.sportmonks.com/images/countries/png/short/in.png,103,236,28,KKR,y
1739,Zaheer,Zaheer Khan,07-10-1978,m,right-hand-bat,left-arm-fast,Medium Pacer,153732,India,https://cdn.sportmonks.com/images/countries/png/short/in.png,92,200,17,DD,y
1742,Anil,Anil Kumble,17-10-1970,m,right-hand-bat,legbreak,Spinner,153732,India,https://cdn.sportmonks.com/images/countries/png/short/in.png,132,271,0,RCB,y
1745,Munaf,Munaf Patel,12-07-1983,m,right-hand-bat,right-arm-fast,Medium Pacer,153732,India,https://cdn.sportmonks.com/images/countries/png/short/in.png,13,70,3,GL,y
1748,Irfan,Irfan Pathan,27-10-1984,m,left-hand-bat,left-arm-fast,Bowling Allrounder,153732,India,https://cdn.sportmonks.com/images/countries/png/short/in.png,29,120,24,GL,y
1751,Virender,Virender Sehwag,20-10-1978,m,right-hand-bat,right-arm-offbreak,Top Order Batter,153732,India,https://cdn.sportmonks.com/images/countries/png/short/in.png,104,251,19,KXIP,y
1754,Shanthakumaran,Shanthakumaran Sreesanth,06-02-1983,m,right-hand-bat,right-arm-fast,Medium Pacer,153732,India,https://cdn.sportmonks.com/images/countries/png/short/in.png,27,53,10,RR,y
1757,Sachin,Sachin Tendulkar,24-04-1973,m,right-hand-bat,legbreak,Top Order Batter,153732,India,https://cdn.sportmonks.com/images/countries/png/short/in.png,200,463,1,MI,y
1760,Robin,Robin Uthappa,11-11-1985,m,right-hand-bat,right-arm-fast,Top Order Batter,153732,India,https://cdn.sportmonks.com/images/countries/png/short/in.png,0,46,13,CSK,y
2267,Gautam,Gautam Gambhir,14-10-1981,m,left-hand-bat,legbreak,Top Order Batter,153732,India,https://cdn.sportmonks.com/images/countries/png/short/in.png,58,147,37,DD,y
2270,Yusuf,Yusuf Pathan,17-11-1982,m,right-hand-bat,right-arm-offbreak,Batting Allrounder,153732,India,https://cdn.sportmonks.com/images/countries/png/short/in.png,0,57,22,SRH,y
2273,Ashish,Ashish Nehra,29-04-1979,m,right-hand-bat,left-arm-fast,Medium Pacer,153732,India,https://cdn.sportmonks.com/images/countries/png/short/in.png,17,120,27,SRH,y
2279,Piyush,Piyush Chawla,24-12-1988,m,left-hand-bat,legbreak,Spinner,153732,India,https://cdn.sportmonks.com/images/countries/png/short/in.png,3,25,7,MI,y
2345,Stuart,Stuart Binny,03-06-1984,m,right-hand-bat,right-arm-fast,Bowling Allrounder,153732,India,https://cdn.sportmonks.com/images/countries/png/short/in.png,6,14,3,RR,y
2348,Mohit,Mohit Sharma,18-09-1988,m,right-hand-bat,right-arm-fast,Medium Pacer,153732,India,https://cdn.sportmonks.com/images/countries/png/short/in.png,0,26,8,DC,y
2669,Varun,Varun Aaron,29-10-1989,m,right-hand-bat,right-arm-fast,Medium Pacer,153732,India,https://cdn.sportmonks.com/images/countries/png/short/in.png,9,9,0,GT,y
2672,Amit,Amit Mishra,24-11-1982,m,right-hand-bat,legbreak,Spinner,153732,India,https://cdn.sportmonks.com/images/countries/png/short/in.png,0,42,15,LSG,y
2687,Krunal,Krunal Pandya,24-03-1991,m,left-hand-bat,slow-left-arm-orthodox,Bowling Allrounder,153732,India,https://cdn.sportmonks.com/images/countries/png/short/in.png,0,5,19,RCB,n
2693,Lakshmipathy,Lakshmipathy Balaji,27-09-1981,m,right-hand-bat,right-arm-fast,Medium Pacer,153732,India,https://cdn.sportmonks.com/images/countries/png/short/in.png,8,30,5,KXIP,y
2696,Ashok,Ashok Dinda,25-03-1984,m,right-hand-bat,right-arm-fast,Medium Pacer,153732,India,https://cdn.sportmonks.com/images/countries/png/short/in.png,0,13,9,RPS,y
2699,Manoj,Manoj Tiwary,14-11-1985,m,right-hand-bat,legbreak,Middle Order Batter,153732,India,https://cdn.sportmonks.com/images/countries/png/short/in.png,0,12,3,KXIP,y
2795,Jaydev,Jaydev Unadkat,18-10-1991,m,right-hand-bat,left-arm-fast,Medium Pacer,153732,India,https://cdn.sportmonks.com/images/countries/png/short/in.png,4,8,10,SRG,n
2813,Shreyas,Shreyas Iyer,06-12-1994,m,right-hand-bat,legbreak,Middle Order Batter,153732,India,https://cdn.sportmonks.com/images/countries/png/short/in.png,11,59,51,PBKS,n
2858,Nitish,Nitish Rana,27-12-1993,m,left-hand-bat,right-arm-offbreak,Middle Order Batter,153732,India,https://cdn.sportmonks.com/images/countries/png/short/in.png,0,0,5,RR,n
2873,Parthiv,Parthiv Patel,09-03-1985,m,left-hand-bat,does not bowl,Wicketkeeper,153732,India,https://cdn.sportmonks.com/images/countries/png/short/in.png,25,38,2,RCB,y
2879,Suryakumar,Suryakumar Yadav,14-09-1990,m,right-hand-bat,right-arm-fast,Middle Order Batter,153732,India,https://cdn.sportmonks.com/images/countries/png/short/in.png,1,37,100,MI,n
2900,Sanju,Sanju Samson,11-11-1994,m,right-hand-bat,does not bowl,Wicketkeeper,153732,India,https://cdn.sportmonks.com/images/countries/png/short/in.png,0,16,53,RR,n
2903,Rajat,Rajat Bhatia,22-10-1979,m,right-hand-bat,right-arm-fast,Bowling Allrounder,153732,India,https://cdn.sportmonks.com/images/countries/png/short/in.png,0,2,0,RPS,y
2912,Karun,Karun Nair,06-12-1991,m,right-hand-bat,right-arm-offbreak,Top Order Batter,153732,India,https://cdn.sportmonks.com/images/countries/png/short/in.png,6,2,0,DC,n
2915,Deepak,Deepak Hooda,19-04-1995,m,right-hand-bat,right-arm-offbreak,Middle Order Batter,153732,India,https://cdn.sportmonks.com/images/countries/png/short/in.png,0,10,21,CSK,n
2927,Rahul,Rahul Tewatia,20-05-1993,m,left-hand-bat,legbreak,Bowling Allrounder,153732,India,https://cdn.sportmonks.com/images/countries/png/short/in.png,0,0,0,GT,n
2981,Wriddhiman,Wriddhiman Saha,24-10-1984,m,right-hand-bat,does not bowl,Wicketkeeper,153732,India,https://cdn.sportmonks.com/images/countries/png/short/in.png,40,9,0,GT,y
3092,Jitesh,Jitesh Sharma,22-10-1993,m,right-hand-bat,does not bowl,Wicketkeeper,153732,India,https://cdn.sportmonks.com/images/countries/png/short/in.png,0,0,16,RCB,n
3122,Ishan,Ishan Kishan,18-07-1998,m,left-hand-bat,does not bowl,Wicketkeeper,153732,India,https://cdn.sportmonks.com/images/countries/png/short/in.png,2,27,32,SRH,n
3140,RP,RP Singh,06-12-1985,m,right-hand-bat,left-arm-fast,Medium Pacer,153732,India,https://cdn.sportmonks.com/images/countries/png/short/in.png,14,58,10,RPS,y
3152,Avesh,Avesh Khan,13-12-1996,m,right-hand-bat,right-arm-fast,Medium Pacer,153732,India,https://cdn.sportmonks.com/images/countries/png/short/in.png,0,8,19,LSG,n
3158,Navdeep,Navdeep Saini,23-11-1992,m,right-hand-bat,right-arm-fast,Medium Pacer,153732,India,https://cdn.sportmonks.com/images/countries/png/short/in.png,2,8,11,RR,n
3167,Shashank,Shashank Singh,21-11-1991,m,right-hand-bat,right-arm-offbreak,Middle Order Batter,153732,India,https://cdn.sportmonks.com/images/countries/png/short/in.png,0,0,0,PBKS,n
3215,Rinku,Rinku Singh,12-10-1997,m,left-hand-bat,right-arm-offbreak,Middle Order Batter,153732,India,https://cdn.sportmonks.com/images/countries/png/short/in.png,0,2,36,KKR,n
3296,Rahul,Rahul Chahar,04-08-1999,m,right-hand-bat,legbreak,Spinner,153732,India,https://cdn.sportmonks.com/images/countries/png/short/in.png,0,1,6,SRH,n
3305,Rahul,Rahul Tripathi,02-03-1991,m,right-hand-bat,right-arm-fast,Middle Order Batter,153732,India,https://cdn.sportmonks.com/images/countries/png/short/in.png,0,0,5,CSK,n
3362,Shubman,Shubman Gill,08-09-1999,m,right-hand-bat,right-arm-offbreak,Top Order Batter,153732,India,https://cdn.sportmonks.com/images/countries/png/short/in.png,40,61,36,GT,n
3374,Prasidh,Prasidh Krishna,19-02-1996,m,right-hand-bat,right-arm-fast,Medium Pacer,153732,India,https://cdn.sportmonks.com/images/countries/png/short/in.png,6,23,5,GT,n
4856,Ruturaj,Ruturaj Gaikwad,31-01-1997,m,right-hand-bat,right-arm-offbreak,Top Order Batter,153732,India,https://cdn.sportmonks.com/images/countries/png/short/in.png,0,6,19,CSK,n
4877,Varun,Varun Chakaravarthy,29-08-1991,m,right-hand-bat,legbreak,Spinner,153732,India,https://cdn.sportmonks.com/images/countries/png/short/in.png,0,4,34,KKR,n
4880,Arshdeep,Arshdeep Singh,05-02-1999,m,left-hand-bat,left-arm-fast,Medium Pacer,153732,India,https://cdn.sportmonks.com/images/countries/png/short/in.png,0,15,73,PBKS,n
4922,Riyan,Riyan Parag,10-11-2001,m,right-hand-bat,legbreak,Middle Order Batter,153732,India,https://cdn.sportmonks.com/images/countries/png/short/in.png,0,0,0,RR,n
4931,Devdutt,Devdutt Padikkal,07-07-2000,m,left-hand-bat,right-arm-offbreak,Top Order Batter,153732,India,https://cdn.sportmonks.com/images/countries/png/short/in.png,2,0,2,RCB,n
4940,Shivam,Shivam Dube,26-06-1993,m,left-hand-bat,right-arm-fast,Batting Allrounder,153732,India,https://cdn.sportmonks.com/images/countries/png/short/in.png,0,4,51,CSK,n
6697,Tushar,Tushar Deshpande,15-05-1995,m,left-hand-bat,right-arm-fast,Medium Pacer,153732,India,https://cdn.sportmonks.com/images/countries/png/short/in.png,0,0,2,RR,n
8370,Tilak,Tilak Varma,08-11-2002,m,left-hand-bat,right-arm-offbreak,Top Order Batter,153732,India,https://cdn.sportmonks.com/images/countries/png/short/in.png,0,5,40,MI,n
8373,Nehal,Nehal Wadhera,04-09-2000,m,left-hand-bat,legbreak,Middle Order Batter,153732,India,https://cdn.sportmonks.com/images/countries/png/short/in.png,0,0,0,PBKS,n
9459,Ravi,Ravi Bishnoi,05-09-2000,m,right-hand-bat,legbreak,Spinner,153732,India,https://cdn.sportmonks.com/images/countries/png/short/in.png,0,1,21,LSG,n
26027,Rajat,Rajat Patidar,01-06-1993,m,right-hand-bat,right-arm-offbreak,Middle Order Batter,153732,India,https://cdn.sportmonks.com/images/countries/png/short/in.png,0,1,0,RCB,n
28955,B Sai,B Sai Sudharsan,15-10-2001,m,left-hand-bat,legbreak,Top Order Batter,153732,India,https://cdn.sportmonks.com/images/countries/png/short/in.png,6,3,0,GT,n
36515,Ayush,Ayush Badoni,03-12-1999,m,right-hand-bat,right-arm-offbreak,Middle Order Batter,153732,India,https://cdn.sportmonks.com/images/countries/png/short/in.png,0,0,0,LSG,n
36521,Mayank,Mayank Yadav,17-06-2002,m,right-hand-bat,right-arm-fast,Medium Pacer,153732,India,https://cdn.sportmonks.com/images/countries/png/short/in.png,0,0,3,LSG,n
36524,Yash,Yash Dayal,13-12-1997,m,left-hand-bat,left-arm-fast,Medium Pacer,153732,India,https://cdn.sportmonks.com/images/countries/png/short/in.png,0,0,0,RCB,n
44513,Suyash,Suyash Sharma,15-05-2003,m,right-hand-bat,legbreak,Spinner,153732,India,https://cdn.sportmonks.com/images/countries/png/short/in.png,0,0,0,RCB,n
49634,Harshit,Harshit Rana,22-12-2001,m,right-hand-bat,right-arm-fast,Bowling Allrounder,153732,India,https://cdn.sportmonks.com/images/countries/png/short/in.png,2,15,6,KKR,n
203,Mark,Mark Chapman,27-06-1994,m,left-hand-bat,slow-left-arm-orthodox,Middle Order Batter,2817,New Zealand,https://cdn.sportmonks.com/images/countries/png/short/nz.png,0,32,101,NA,n
204,Martin,Martin Guptill,30-09-1986,m,right-hand-bat,right-arm-offbreak,Top Order Batter,2817,New Zealand,https://cdn.sportmonks.com/images/countries/png/short/nz.png,47,198,122,SRH,n
205,Tom,Tom Latham,02-04-1992,m,left-hand-bat,right-arm-fast,Wicketkeeper,2817,New Zealand,https://cdn.sportmonks.com/images/countries/png/short/nz.png,76,147,26,NA,n
206,Henry,Henry Nicholls,15-11-1991,m,right-hand-bat,right-arm-offbreak,Top Order Batter,2817,New Zealand,https://cdn.sportmonks.com/images/countries/png/short/nz.png,56,75,10,NA,n
208,Tim,Tim Seifert,14-12-1994,m,right-hand-bat,does not bowl,Wicketkeeper,2817,New Zealand,https://cdn.sportmonks.com/images/countries/png/short/nz.png,0,3,51,DC,n
209,Ross,Ross Taylor,08-03-1984,m,right-hand-bat,right-arm-offbreak,Middle Order Batter,2817,New Zealand,https://cdn.sportmonks.com/images/countries/png/short/nz.png,112,236,106,DD,y
213,Colin,Colin de Grandhomme,22-07-1986,m,right-hand-bat,right-arm-fast,Batting Allrounder,2817,New Zealand,https://cdn.sportmonks.com/images/countries/png/short/nz.png,29,45,41,RCB,y
214,Matt,Matt Henry,14-12-1991,m,right-hand-bat,right-arm-fast,Medium Pacer,2817,New Zealand,https://cdn.sportmonks.com/images/countries/png/short/nz.png,21,82,13,LSG,n
216,Glenn,Glenn Phillips,06-12-1996,m,right-hand-bat,does not bowl,Wicketkeeper,2817,New Zealand,https://cdn.sportmonks.com/images/countries/png/short/nz.png,17,47,84,SRH,n
218,Ish,Ish Sodhi,31-10-1992,m,right-hand-bat,legbreak,Spinner,2817,New Zealand,https://cdn.sportmonks.com/images/countries/png/short/nz.png,20,54,133,RR,n
219,Neil,Neil Wagner,13-03-1986,m,left-hand-bat,left-arm-fast,Medium Pacer,2817,New Zealand,https://cdn.sportmonks.com/images/countries/png/short/nz.png,63,0,0,NA,y
220,Kane,Kane Williamson,08-08-1990,m,right-hand-bat,right-arm-offbreak,Top Order Batter,2817,New Zealand,https://cdn.sportmonks.com/images/countries/png/short/nz.png,108,175,93,GT,n
221,Trent,Trent Boult,22-07-1989,m,right-hand-bat,left-arm-fast,Medium Pacer,2817,New Zealand,https://cdn.sportmonks.com/images/countries/png/short/nz.png,78,114,61,RR,y
223,Lockie,Lockie Ferguson,13-06-1991,m,right-hand-bat,right-arm-fast,Medium Pacer,2817,New Zealand,https://cdn.sportmonks.com/images/countries/png/short/nz.png,1,65,43,PBKS,n
227,Mitchell,Mitchell Santner,05-02-1992,m,left-hand-bat,slow-left-arm-orthodox,Bowling Allrounder,2817,New Zealand,https://cdn.sportmonks.com/images/countries/png/short/nz.png,32,124,123,CSK,n
228,Tim,Tim Southee,11-12-1988,m,right-hand-bat,right-arm-fast,Medium Pacer,2817,New Zealand,https://cdn.sportmonks.com/images/countries/png/short/nz.png,107,161,125,KKR,y
357,Brendon,Brendon McCullum,27-09-1981,m,right-hand-bat,right-arm-offbreak,Wicketkeeper,2817,New Zealand,https://cdn.sportmonks.com/images/countries/png/short/nz.png,101,260,71,RCB,y
367,Mitchell,Mitchell McClenaghan,11-06-1986,m,left-hand-bat,left-arm-fast,Medium Pacer,2817,New Zealand,https://cdn.sportmonks.com/images/countries/png/short/nz.png,0,48,29,MI,y
801,Corey,Corey Anderson,13-12-1990,m,left-hand-bat,left-arm-fast,Bowling Allrounder,2817,New Zealand,https://cdn.sportmonks.com/images/countries/png/short/nz.png,13,49,42,MI,y
802,Ajaz,Ajaz Patel,21-10-1988,m,left-hand-bat,slow-left-arm-orthodox,Spinner,2817,New Zealand,https://cdn.sportmonks.com/images/countries/png/short/nz.png,22,0,7,NA,n
1946,Daniel,Daniel Vettori,27-01-1979,m,left-hand-bat,slow-left-arm-orthodox,Spinner,2817,New Zealand,https://cdn.sportmonks.com/images/countries/png/short/nz.png,113,295,34,RCB,y
4712,Kyle,Kyle Jamieson,30-12-1994,m,right-hand-bat,right-arm-fast,Medium Pacer,2817,New Zealand,https://cdn.sportmonks.com/images/countries/png/short/nz.png,19,23,24,PBKS,n
4799,Jacob,Jacob Duffy,02-08-1994,m,right-hand-bat,right-arm-fast,Medium Pacer,2817,New Zealand,https://cdn.sportmonks.com/images/countries/png/short/nz.png,4,19,39,NA,n
4814,Michael,Michael Bracewell,14-02-1991,m,left-hand-bat,does not bowl,Bowling Allrounder,2817,New Zealand,https://cdn.sportmonks.com/images/countries/png/short/nz.png,10,43,47,RCB,n
4817,Devon,Devon Conway,08-07-1991,m,left-hand-bat,right-arm-fast,Wicketkeeper,2817,New Zealand,https://cdn.sportmonks.com/images/countries/png/short/nz.png,32,43,63,CSK,n
5594,Rachin,Rachin Ravindra,18-11-1999,m,left-hand-bat,slow-left-arm-orthodox,Batting Allrounder,2817,New Zealand,https://cdn.sportmonks.com/images/countries/png/short/nz.png,20,39,39,CSK,n
5678,Daryl,Daryl Mitchell,20-05-1991,m,right-hand-bat,right-arm-fast,Batting Allrounder,2817,New Zealand,https://cdn.sportmonks.com/images/countries/png/short/nz.png,35,59,91,CSK,n
2,Ahmed,Ahmed Shehzad,23-11-1991,m,right-hand-bat,legbreak,Top Order Batter,52126,Pakistan,https://cdn.sportmonks.com/images/countries/png/short/pk.png,13,81,59,NA,y
4,Sarfraz,Sarfraz Ahmed,22-05-1987,m,right-hand-bat,right-arm-offbreak,Wicketkeeper,52126,Pakistan,https://cdn.sportmonks.com/images/countries/png/short/pk.png,54,117,61,NA,n
6,Fakhar,Fakhar Zaman,10-04-1990,m,left-hand-bat,slow-left-arm-orthodox,Top Order Batter,52126,Pakistan,https://cdn.sportmonks.com/images/countries/png/short/pk.png,3,92,115,NA,n
7,Imam,Imam ul Haq,12-12-1995,m,left-hand-bat,does not bowl,Top Order Batter,52126,Pakistan,https://cdn.sportmonks.com/images/countries/png/short/pk.png,26,75,2,NA,n
8,Babar,Babar Azam,15-10-1994,m,right-hand-bat,right-arm-offbreak,Top Order Batter,52126,Pakistan,https://cdn.sportmonks.com/images/countries/png/short/pk.png,61,140,136,NA,n
13,Shadab,Shadab Khan,04-10-1998,m,right-hand-bat,legbreak,Bowling Allrounder,52126,Pakistan,https://cdn.sportmonks.com/images/countries/png/short/pk.png,6,70,114,NA,n
16,Hasan,Hasan Ali,02-07-1994,m,right-hand-bat,right-arm-fast,Medium Pacer,52126,Pakistan,https://cdn.sportmonks.com/images/countries/png/short/pk.png,23,68,57,NA,n
17,Wahab,Wahab Riaz,28-06-1985,m,right-hand-bat,left-arm-fast,Medium Pacer,52126,Pakistan,https://cdn.sportmonks.com/images/countries/png/short/pk.png,27,91,36,NA,y
20,Mohammad,Mohammad Rizwan,01-01-1992,m,right-hand-bat,does not bowl,Wicketkeeper,52126,Pakistan,https://cdn.sportmonks.com/images/countries/png/short/pk.png,41,100,106,NA,n
21,Mohammad,Mohammad Hafeez,17-10-1980,m,right-hand-bat,right-arm-offbreak,Middle Order Batter,52126,Pakistan,https://cdn.sportmonks.com/images/countries/png/short/pk.png,55,218,119,KKR,y
262,Mohammad,Mohammad Amir,13-04-1992,m,left-hand-bat,left-arm-fast,Medium Pacer,52126,Pakistan,https://cdn.sportmonks.com/images/countries/png/short/pk.png,36,61,50,NA,y
264,Shoaib,Shoaib Malik,01-02-1982,m,right-hand-bat,right-arm-offbreak,Batting Allrounder,52126,Pakistan,https://cdn.sportmonks.com/images/countries/png/short/pk.png,35,287,124,DD,y
269,Mohammad,Mohammad Nawaz,21-03-1994,m,left-hand-bat,slow-left-arm-orthodox,Bowling Allrounder,52126,Pakistan,https://cdn.sportmonks.com/images/countries/png/short/pk.png,6,44,88,NA,n
270,Sahibzada,Sahibzada Farhan,06-03-1996,m,right-hand-bat,does not bowl,Top Order Batter,52126,Pakistan,https://cdn.sportmonks.com/images/countries/png/short/pk.png,0,0,37,NA,n
271,Shaheen,Shaheen Afridi,06-04-2000,m,left-hand-bat,left-arm-fast,Medium Pacer,52126,Pakistan,https://cdn.sportmonks.com/images/countries/png/short/pk.png,33,71,96,NA,n
347,Shahid,Shahid Afridi,01-03-1980,m,right-hand-bat,legbreak,Bowling Allrounder,52126,Pakistan,https://cdn.sportmonks.com/images/countries/png/short/pk.png,27,398,99,DC,y
749,Mohammad,Mohammad Irfan,06-06-1982,m,right-hand-bat,left-arm-fast,Medium Pacer,52126,Pakistan,https://cdn.sportmonks.com/images/countries/png/short/pk.png,4,60,22,NA,y
750,Sohail,Sohail Tanvir,12-12-1984,m,left-hand-bat,left-arm-fast,Medium Pacer,52126,Pakistan,https://cdn.sportmonks.com/images/countries/png/short/pk.png,2,62,57,RR,y
752,Agha,Agha Salman,23-11-1993,m,right-hand-bat,right-arm-offbreak,Middle Order Batter,52126,Pakistan,https://cdn.sportmonks.com/images/countries/png/short/pk.png,23,47,42,NA,n
757,Umar,Umar Akmal,26-05-1990,m,right-hand-bat,does not bowl,Middle Order Batter,52126,Pakistan,https://cdn.sportmonks.com/images/countries/png/short/pk.png,16,121,84,NA,y
769,Kamran,Kamran Akmal,13-01-1982,m,right-hand-bat,does not bowl,Wicketkeeper,52126,Pakistan,https://cdn.sportmonks.com/images/countries/png/short/pk.png,53,157,58,RR,y
797,Shan,Shan Masood,14-10-1989,m,left-hand-bat,right-arm-fast,Top Order Batter,52126,Pakistan,https://cdn.sportmonks.com/images/countries/png/short/pk.png,44,9,19,NA,n
799,Imad,Imad Wasim,18-12-1988,m,left-hand-bat,slow-left-arm-orthodox,Bowling Allrounder,52126,Pakistan,https://cdn.sportmonks.com/images/countries/png/short/pk.png,0,55,66,NA,y
1220,Misbah,Misbah ul Haq,08-07-1974,m,right-hand-bat,legbreak,Middle Order Batter,52126,Pakistan,https://cdn.sportmonks.com/images/countries/png/short/pk.png,0,0,5,RCB,y
1241,Saeed,Saeed Ajmal,14-10-1977,m,right-hand-bat,right-arm-offbreak,Spinner,52126,Pakistan,https://cdn.sportmonks.com/images/countries/png/short/pk.png,35,113,64,NA,y
1253,Iftikhar,Iftikhar Ahmed,03-09-1990,m,right-hand-bat,right-arm-offbreak,Batting Allrounder,52126,Pakistan,https://cdn.sportmonks.com/images/countries/png/short/pk.png,4,28,49,NA,y
1457,Abrar,Abrar Ahmad,16-10-1998,m,left-hand-bat,does not bowl,Spinner,52126,Pakistan,https://cdn.sportmonks.com/images/countries/png/short/pk.png,10,14,31,NA,n
1472,Saud,Saud Shakeel,10-05-1995,m,left-hand-bat,slow-left-arm-orthodox,Middle Order Batter,52126,Pakistan,https://cdn.sportmonks.com/images/countries/png/short/pk.png,21,19,0,NA,n
1997,Inzamam,Inzamam ul Haq,03-03-1970,m,right-hand-bat,slow-left-arm-orthodox,Top Order Batter,52126,Pakistan,https://cdn.sportmonks.com/images/countries/png/short/pk.png,120,378,1,NA,y
2015,Younis,Younis Khan,29-11-1977,m,right-hand-bat,right-arm-fast,Top Order Batter,52126,Pakistan,https://cdn.sportmonks.com/images/countries/png/short/pk.png,118,265,25,RR,y
2144,Shoaib,Shoaib Akhtar,13-08-1975,m,right-hand-bat,right-arm-fast,Medium Pacer,52126,Pakistan,https://cdn.sportmonks.com/images/countries/png/short/pk.png,46,163,15,KKR,y
4301,Naseem,Naseem Shah,15-02-2003,m,right-hand-bat,right-arm-fast,Medium Pacer,52126,Pakistan,https://cdn.sportmonks.com/images/countries/png/short/pk.png,20,34,34,NA,n
4328,Haris,Haris Rauf,07-11-1993,m,right-hand-bat,right-arm-fast,Medium Pacer,52126,Pakistan,https://cdn.sportmonks.com/images/countries/png/short/pk.png,1,54,94,NA,n
24756,Saim,Saim Ayub,24-05-2002,m,left-hand-bat,right-arm-fast,Top Order Batter,52126,Pakistan,https://cdn.sportmonks.com/images/countries/png/short/pk.png,8,17,58,NA,n
61,Jean-Paul,Jean-Paul Duminy,14-04-1984,m,left-hand-bat,right-arm-offbreak,Batting Allrounder,146,South Africa,https://cdn.sportmonks.com/images/countries/png/short/za.png,46,199,81,MI,y
62,Reeza,Reeza Hendricks,14-08-1989,m,right-hand-bat,right-arm-offbreak,Top Order Batter,146,South Africa,https://cdn.sportmonks.com/images/countries/png/short/za.png,0,38,90,NA,n
63,Imran,Imran Tahir,27-03-1979,m,right-hand-bat,legbreak,Spinner,146,South Africa,https://cdn.sportmonks.com/images/countries/png/short/za.png,20,107,38,CSK,y
65,Heinrich,Heinrich Klaasen,30-07-1991,m,right-hand-bat,does not bowl,Wicketkeeper,146,South Africa,https://cdn.sportmonks.com/images/countries/png/short/za.png,4,54,43,SRH,n
66,Aiden,Aiden Markram,04-10-1994,m,right-hand-bat,right-arm-offbreak,Top Order Batter,146,South Africa,https://cdn.sportmonks.com/images/countries/png/short/za.png,36,68,39,LSG,n
68,Lungi,Lungi Ngidi,29-03-1996,m,right-hand-bat,right-arm-fast,Medium Pacer,146,South Africa,https://cdn.sportmonks.com/images/countries/png/short/za.png,17,56,40,CSK,n
69,Andile,Andile Phehlukwayo,03-03-1996,m,left-hand-bat,right-arm-fast,Bowling Allrounder,146,South Africa,https://cdn.sportmonks.com/images/countries/png/short/za.png,4,78,40,NA,y
70,Kagiso,Kagiso Rabada,25-05-1995,m,left-hand-bat,right-arm-fast,Medium Pacer,146,South Africa,https://cdn.sportmonks.com/images/countries/png/short/za.png,61,101,56,PBKS,n
71,Tabraiz,Tabraiz Shamsi,18-02-1990,m,right-hand-bat,slow-left-arm-orthodox,Spinner,146,South Africa,https://cdn.sportmonks.com/images/countries/png/short/za.png,2,55,70,RR,n
72,Dale,Dale Steyn,27-06-1983,m,right-hand-bat,right-arm-fast,Medium Pacer,146,South Africa,https://cdn.sportmonks.com/images/countries/png/short/za.png,93,125,47,RCB,y
74,Dean,Dean Elgar,11-06-1987,m,left-hand-bat,slow-left-arm-orthodox,Top Order Batter,146,South Africa,https://cdn.sportmonks.com/images/countries/png/short/za.png,86,8,0,NA,y
75,Faf,Faf du Plessis,13-07-1984,m,right-hand-bat,legbreak,Top Order Batter,146,South Africa,https://cdn.sportmonks.com/images/countries/png/short/za.png,69,143,50,RCB,y
77,Quinton,Quinton de Kock,17-12-1992,m,left-hand-bat,does not bowl,Wicketkeeper,146,South Africa,https://cdn.sportmonks.com/images/countries/png/short/za.png,54,155,80,LSG,n
79,David,David Miller,10-06-1989,m,left-hand-bat,right-arm-offbreak,Middle Order Batter,146,South Africa,https://cdn.sportmonks.com/images/countries/png/short/za.png,0,178,133,LSG,n
82,Rassie,Rassie van der Dussen,07-02-1989,m,right-hand-bat,legbreak,Middle Order Batter,146,South Africa,https://cdn.sportmonks.com/images/countries/png/short/za.png,18,71,57,RR,n
613,Hashim,Hashim Amla,31-03-1983,m,right-hand-bat,right-arm-offbreak,Top Order Batter,146,South Africa,https://cdn.sportmonks.com/images/countries/png/short/za.png,124,181,44,KXIP,y
614,AB,AB de Villiers,17-02-1984,m,right-hand-bat,right-arm-fast,Wicketkeeper,146,South Africa,https://cdn.sportmonks.com/images/countries/png/short/za.png,114,228,78,RCB,y
636,Anrich,Anrich Nortje,16-11-1993,m,right-hand-bat,right-arm-fast,Medium Pacer,146,South Africa,https://cdn.sportmonks.com/images/countries/png/short/za.png,19,22,31,DC,n
646,Keshav,Keshav Maharaj,07-02-1990,m,right-hand-bat,slow-left-arm-orthodox,Spinner,146,South Africa,https://cdn.sportmonks.com/images/countries/png/short/za.png,62,56,43,RR,n
647,Albie,Albie Morkel,10-06-1981,m,left-hand-bat,right-arm-fast,Batting Allrounder,146,South Africa,https://cdn.sportmonks.com/images/countries/png/short/za.png,1,58,50,RPS,y
649,Vernon,Vernon Philander,24-06-1985,m,right-hand-bat,right-arm-fast,Medium Pacer,146,South Africa,https://cdn.sportmonks.com/images/countries/png/short/za.png,64,30,7,NA,y
651,Temba,Temba Bavuma,17-05-1990,m,right-hand-bat,right-arm-fast,Top Order Batter,146,South Africa,https://cdn.sportmonks.com/images/countries/png/short/za.png,57,38,36,NA,n
662,Ryan,Ryan Rickelton,11-07-1996,m,left-hand-bat,does not bowl,Wicketkeeper,146,South Africa,https://cdn.sportmonks.com/images/countries/png/short/za.png,15,17,21,MI,n
667,Chris,Chris Morris,30-04-1987,m,right-hand-bat,right-arm-fast,Bowling Allrounder,146,South Africa,https://cdn.sportmonks.com/images/countries/png/short/za.png,4,42,23,RR,y
790,Morne,Morne Morkel,06-10-1984,m,left-hand-bat,right-arm-fast,Medium Pacer,146,South Africa,https://cdn.sportmonks.com/images/countries/png/short/za.png,86,117,44,KKR,y
795,Rilee,Rilee Rossouw,09-10-1989,m,left-hand-bat,right-arm-offbreak,Middle Order Batter,146,South Africa,https://cdn.sportmonks.com/images/countries/png/short/za.png,0,36,29,PBKS,y
1610,Graeme,Graeme Smith,01-02-1981,m,left-hand-bat,right-arm-offbreak,Middle Order Batter,146,South Africa,https://cdn.sportmonks.com/images/countries/png/short/za.png,62,71,0,NA,y
1616,Mark,Mark Boucher,03-12-1976,m,right-hand-bat,right-arm-fast,Wicketkeeper,146,South Africa,https://cdn.sportmonks.com/images/countries/png/short/za.png,147,295,25,RCB,y
1619,Herschelle,Herschelle Gibbs,23-02-1974,m,right-hand-bat,right-arm-fast,Top Order Batter,146,South Africa,https://cdn.sportmonks.com/images/countries/png/short/za.png,90,248,23,MI,y
1625,Jacques,Jacques Kallis,16-10-1975,m,right-hand-bat,right-arm-fast,Batting Allrounder,146,South Africa,https://cdn.sportmonks.com/images/countries/png/short/za.png,166,328,25,KKR,y
4337,Corbin,Corbin Bosch,10-09-1994,m,right-hand-bat,right-arm-fast,Bowling Allrounder,146,South Africa,https://cdn.sportmonks.com/images/countries/png/short/za.png,4,12,15,MI,n
4346,Nandre,Nandre Burger,11-08-1995,m,left-hand-bat,left-arm-fast,Medium Pacer,146,South Africa,https://cdn.sportmonks.com/images/countries/png/short/za.png,3,14,8,RR,n
6038,Senuran,Senuran Muthusamy,22-02-1994,m,left-hand-bat,slow-left-arm-orthodox,Spinner,146,South Africa,https://cdn.sportmonks.com/images/countries/png/short/za.png,8,5,5,NA,n
6463,Gerald,Gerald Coetzee,02-10-2000,m,right-hand-bat,right-arm-fast,Medium Pacer,146,South Africa,https://cdn.sportmonks.com/images/countries/png/short/za.png,4,14,4,MI,n
6478,Marco,Marco Jansen,01-05-2000,m,right-hand-bat,left-arm-fast,Bowling Allrounder,146,South Africa,https://cdn.sportmonks.com/images/countries/png/short/za.png,21,32,24,PBKS,n
25797,Tristan,Tristan Stubbs,14-08-2000,m,right-hand-bat,legbreak,Top Order Batter,146,South Africa,https://cdn.sportmonks.com/images/countries/png/short/za.png,14,15,44,DC,n
25923,Jonty,Jonty Rhodes,27-07-1969,m,right-hand-bat,right-arm-fast,Middle Order Batter,146,South Africa,https://cdn.sportmonks.com/images/countries/png/short/za.png,52,245,0,NA,y
163,Rangana,Rangana Herath,19-03-1978,m,left-hand-bat,slow-left-arm-orthodox,Spinner,38404,Sri Lanka,https://cdn.sportmonks.com/images/countries/png/short/lk.png,93,71,12,NA,y
164,Dimuth,Dimuth Karunaratne,21-04-1988,m,left-hand-bat,right-arm-fast,Top Order Batter,38404,Sri Lanka,https://cdn.sportmonks.com/images/countries/png/short/lk.png,100,50,0,NA,y
166,Kusal,Kusal Mendis,02-02-1995,m,right-hand-bat,does not bowl,Wicketkeeper,38404,Sri Lanka,https://cdn.sportmonks.com/images/countries/png/short/lk.png,73,154,100,GT,n
167,Kusal,Kusal Perera,17-08-1990,m,left-hand-bat,does not bowl,Top Order Batter,38404,Sri Lanka,https://cdn.sportmonks.com/images/countries/png/short/lk.png,22,116,93,RR,n
169,Upul,Upul Tharanga,02-02-1985,m,left-hand-bat,does not bowl,Top Order Batter,38404,Sri Lanka,https://cdn.sportmonks.com/images/countries/png/short/lk.png,31,235,26,NA,y
170,Dushmantha,Dushmantha Chameera,11-01-1992,m,right-hand-bat,right-arm-fast,Medium Pacer,38404,Sri Lanka,https://cdn.sportmonks.com/images/countries/png/short/lk.png,12,58,71,DC,n
171,Dhananjaya,Dhananjaya de Silva,06-09-1991,m,right-hand-bat,right-arm-offbreak,Batting Allrounder,38404,Sri Lanka,https://cdn.sportmonks.com/images/countries/png/short/lk.png,65,93,48,NA,n
175,Lasith,Lasith Malinga,28-08-1983,m,right-hand-bat,right-arm-fast,Medium Pacer,38404,Sri Lanka,https://cdn.sportmonks.com/images/countries/png/short/lk.png,30,226,84,MI,y
177,Thisara,Thisara Perera,03-04-1989,m,left-hand-bat,right-arm-fast,Bowling Allrounder,38404,Sri Lanka,https://cdn.sportmonks.com/images/countries/png/short/lk.png,6,166,84,RPS,y
178,Dasun,Dasun Shanaka,09-09-1991,m,right-hand-bat,right-arm-fast,Batting Allrounder,38404,Sri Lanka,https://cdn.sportmonks.com/images/countries/png/short/lk.png,6,71,124,GT,n
180,Dinesh,Dinesh Chandimal,18-11-1989,m,right-hand-bat,right-arm-offbreak,Wicketkeeper,38404,Sri Lanka,https://cdn.sportmonks.com/images/countries/png/short/lk.png,76,157,68,NA,y
181,Niroshan,Niroshan Dickwella,23-06-1993,m,left-hand-bat,does not bowl,Wicketkeeper,38404,Sri Lanka,https://cdn.sportmonks.com/images/countries/png/short/lk.png,54,55,28,NA,y
185,Angelo,Angelo Mathews,02-06-1987,m,right-hand-bat,right-arm-fast,Batting Allrounder,38404,Sri Lanka,https://cdn.sportmonks.com/images/countries/png/short/lk.png,106,226,78,DD,y
914,Kamindu,Kamindu Mendis,30-09-1998,m,left-hand-bat,right-arm-offbreak,Bowling Allrounder,38404,Sri Lanka,https://cdn.sportmonks.com/images/countries/png/short/lk.png,14,27,36,SRH,n
1268,Tillakaratne,Tillakaratne Dilshan,14-10-1976,m,right-hand-bat,right-arm-offbreak,Batting Allrounder,38404,Sri Lanka,https://cdn.sportmonks.com/images/countries/png/short/lk.png,87,330,80,RCB,y
1301,Ajantha,Ajantha Mendis,11-03-1985,m,right-hand-bat,right-arm-offbreak,Spinner,38404,Sri Lanka,https://cdn.sportmonks.com/images/countries/png/short/lk.png,19,87,39,PWI,y
1358,Kumar,Kumar Sangakkara,27-10-1977,m,left-hand-bat,right-arm-offbreak,Wicketkeeper,38404,Sri Lanka,https://cdn.sportmonks.com/images/countries/png/short/lk.png,134,404,56,SRH,y
1433,Mahela,Mahela Jayawardene,27-05-1977,m,right-hand-bat,right-arm-fast,Top Order Batter,38404,Sri Lanka,https://cdn.sportmonks.com/images/countries/png/short/lk.png,149,448,55,DD,y
1775,Sanath,Sanath Jayasuriya,30-06-1969,m,left-hand-bat,slow-left-arm-orthodox,Top Order Batter,38404,Sri Lanka,https://cdn.sportmonks.com/images/countries/png/short/lk.png,110,445,31,RR,y
1778,Nuwan,Nuwan Kulasekara,22-07-1982,m,right-hand-bat,right-arm-fast,Medium Pacer,38404,Sri Lanka,https://cdn.sportmonks.com/images/countries/png/short/lk.png,21,184,58,CSK,y
1784,Muttiah,Muttiah Muralitharan,17-04-1972,m,right-hand-bat,right-arm-offbreak,Spinner,38404,Sri Lanka,https://cdn.sportmonks.com/images/countries/png/short/lk.png,133,350,12,RCB,y
1790,Chaminda,Chaminda Vaas,27-01-1974,m,left-hand-bat,left-arm-fast,Medium Pacer,38404,Sri Lanka,https://cdn.sportmonks.com/images/countries/png/short/lk.png,111,322,6,DC,y
2336,Lahiru,Lahiru Thirimanne,08-09-1989,m,left-hand-bat,right-arm-fast,Top Order Batter,38404,Sri Lanka,https://cdn.sportmonks.com/images/countries/png/short/lk.png,44,127,26,NA,y
2342,Sachithra,Sachithra Senanayake,09-02-1985,m,right-hand-bat,right-arm-offbreak,Bowling Allrounder,38404,Sri Lanka,https://cdn.sportmonks.com/images/countries/png/short/lk.png,1,49,24,NA,y
4916,Wanindu,Wanindu Hasaranga,29-07-1997,m,right-hand-bat,legbreak,Bowling Allrounder,38404,Sri Lanka,https://cdn.sportmonks.com/images/countries/png/short/lk.png,4,69,94,RR,n
6403,Pathum,Pathum Nissanka,18-05-1998,m,right-hand-bat,does not bowl,Top Order Batter,38404,Sri Lanka,https://cdn.sportmonks.com/images/countries/png/short/lk.png,18,77,84,DC,n
100,Jason,Jason Holder,05-11-1991,m,right-hand-bat,right-arm-fast,Bowling Allrounder,24150873,West Indies,https://cdn.sportmonks.com/images/countries/png/short/westindies.png,69,138,89,GT,n
102,Devendra,Devendra Bishoo,06-11-1985,m,left-hand-bat,legbreak,Spinner,24150873,West Indies,https://cdn.sportmonks.com/images/countries/png/short/westindies.png,36,42,7,NA,y
103,Kraigg,Kraigg Brathwaite,01-12-1992,m,right-hand-bat,right-arm-offbreak,Top Order Batter,24150873,West Indies,https://cdn.sportmonks.com/images/countries/png/short/westindies.png,100,10,0,NA,n
104,Roston,Roston Chase,22-03-1992,m,right-hand-bat,right-arm-offbreak,Bowling Allrounder,24150873,West Indies,https://cdn.sportmonks.com/images/countries/png/short/westindies.png,57,69,52,NA,n
108,Shimron,Shimron Hetmyer,26-12-1996,m,left-hand-bat,does not bowl,Middle Order Batter,24150873,West Indies,https://cdn.sportmonks.com/images/countries/png/short/westindies.png,16,57,75,RR,n
109,Shai,Shai Hope,10-11-1993,m,right-hand-bat,does not bowl,Wicketkeeper,24150873,West Indies,https://cdn.sportmonks.com/images/countries/png/short/westindies.png,46,148,60,DC,n
113,Kemar,Kemar Roach,30-06-1988,m,right-hand-bat,right-arm-fast,Medium Pacer,24150873,West Indies,https://cdn.sportmonks.com/images/countries/png/short/westindies.png,88,95,11,DC,n
115,Alzarri,Alzarri Joseph,20-11-1996,m,right-hand-bat,right-arm-fast,Medium Pacer,24150873,West Indies,https://cdn.sportmonks.com/images/countries/png/short/westindies.png,40,81,45,RCB,n
116,Evin,Evin Lewis,27-12-1991,m,left-hand-bat,does not bowl,Top Order Batter,24150873,West Indies,https://cdn.sportmonks.com/images/countries/png/short/westindies.png,0,70,67,LSG,n
118,Rovman,Rovman Powell,23-07-1993,m,right-hand-bat,right-arm-fast,Middle Order Batter,24150873,West Indies,https://cdn.sportmonks.com/images/countries/png/short/westindies.png,0,51,110,KKR,y
119,Marlon,Marlon Samuels,05-02-1981,m,right-hand-bat,right-arm-offbreak,Batting Allrounder,24150873,West Indies,https://cdn.sportmonks.com/images/countries/png/short/westindies.png,71,207,67,DD,y
123,Carlos,Carlos Brathwaite,18-07-1988,m,right-hand-bat,right-arm-fast,Bowling Allrounder,24150873,West Indies,https://cdn.sportmonks.com/images/countries/png/short/westindies.png,3,44,41,KKR,y
124,Darren,Darren Bravo,06-02-1989,m,left-hand-bat,right-arm-fast,Top Order Batter,24150873,West Indies,https://cdn.sportmonks.com/images/countries/png/short/westindies.png,56,122,26,KKR,y
125,Kieron,Kieron Pollard,12-05-1987,m,right-hand-bat,right-arm-fast,Batting Allrounder,24150873,West Indies,https://cdn.sportmonks.com/images/countries/png/short/westindies.png,0,123,101,MI,y
127,Andre,Andre Russell,29-04-1988,m,right-hand-bat,right-arm-fast,Batting Allrounder,24150873,West Indies,https://cdn.sportmonks.com/images/countries/png/short/westindies.png,1,56,86,KKR,y
128,Sherfane,Sherfane Rutherford,15-08-1998,m,left-hand-bat,right-arm-fast,Middle Order Batter,24150873,West Indies,https://cdn.sportmonks.com/images/countries/png/short/westindies.png,0,22,46,GT,n
383,Chris,Chris Gayle,21-09-1979,m,left-hand-bat,right-arm-offbreak,Top Order Batter,24150873,West Indies,https://cdn.sportmonks.com/images/countries/png/short/westindies.png,103,301,79,PBKS,y
439,Dwayne,Dwayne Bravo,07-10-1983,m,right-hand-bat,right-arm-fast,Bowling Allrounder,24150873,West Indies,https://cdn.sportmonks.com/images/countries/png/short/westindies.png,56,122,26,CSK,y
634,Samuel,Samuel Badree,08-03-1981,m,right-hand-bat,legbreak,Spinner,24150873,West Indies,https://cdn.sportmonks.com/images/countries/png/short/westindies.png,0,0,52,RCB,y
719,Sheldon,Sheldon Cottrell,19-08-1989,m,right-hand-bat,left-arm-fast,Medium Pacer,24150873,West Indies,https://cdn.sportmonks.com/images/countries/png/short/westindies.png,2,38,45,KXIP,y
728,Alick,Alick Athanaze,07-12-1998,m,left-hand-bat,right-arm-offbreak,Top Order Batter,24150873,West Indies,https://cdn.sportmonks.com/images/countries/png/short/westindies.png,17,17,15,NA,n
730,Justin,Justin Greaves,26-02-1994,m,right-hand-bat,right-arm-fast,Medium Pacer,24150873,West Indies,https://cdn.sportmonks.com/images/countries/png/short/westindies.png,14,21,2,NA,n
733,Brandon,Brandon King,16-12-1994,m,right-hand-bat,does not bowl,Top Order Batter,24150873,West Indies,https://cdn.sportmonks.com/images/countries/png/short/westindies.png,6,58,78,NA,n
736,Nicholas,Nicholas Pooran,02-10-1995,m,left-hand-bat,does not bowl,Wicketkeeper,24150873,West Indies,https://cdn.sportmonks.com/images/countries/png/short/westindies.png,0,61,106,LSG,n
739,Lendl,Lendl Simmons,25-01-1985,m,right-hand-bat,right-arm-fast,Top Order Batter,24150873,West Indies,https://cdn.sportmonks.com/images/countries/png/short/westindies.png,8,68,68,MI,n
758,Sunil,Sunil Narine,26-05-1988,m,left-hand-bat,right-arm-offbreak,Spinner,24150873,West Indies,https://cdn.sportmonks.com/images/countries/png/short/westindies.png,6,65,51,KKR,y
764,Dwayne,Dwayne Smith,12-04-1983,m,right-hand-bat,right-arm-fast,Top Order Batter,24150873,West Indies,https://cdn.sportmonks.com/images/countries/png/short/westindies.png,10,105,33,GL,y
767,Darren,Darren Sammy,20-12-1983,m,right-hand-bat,right-arm-fast,Bowling Allrounder,24150873,West Indies,https://cdn.sportmonks.com/images/countries/png/short/westindies.png,38,126,68,SRG,y
2021,Brian,Brian Lara,02-05-1969,m,left-hand-bat,legbreak,Top Order Batter,24150873,West Indies,https://cdn.sportmonks.com/images/countries/png/short/westindies.png,131,299,0,NA,y
2027,Shivnarine,Shivnarine Chanderpaul,16-08-1974,m,left-hand-bat,legbreak,Top Order Batter,24150873,West Indies,https://cdn.sportmonks.com/images/countries/png/short/westindies.png,164,268,22,NA,y
2201,Ravi,Ravi Rampaul,15-10-1984,m,left-hand-bat,right-arm-fast,Medium Pacer,24150873,West Indies,https://cdn.sportmonks.com/images/countries/png/short/westindies.png,18,92,27,RCB,y
5252,Odean,Odean Smith,01-11-1996,m,right-hand-bat,right-arm-fast,Medium Pacer,24150873,West Indies,https://cdn.sportmonks.com/images/countries/png/short/westindies.png,0,9,27,PBKS,n
5255,Rahkeem,Rahkeem Cornwall,01-02-1993,m,right-hand-bat,right-arm-offbreak,Bowling Allrounder,24150873,West Indies,https://cdn.sportmonks.com/images/countries/png/short/westindies.png,10,0,0,NA,n
9657,Jayden,Jayden Seales,10-09-2001,m,left-hand-bat,right-arm-fast,Medium Pacer,24150873,West Indies,https://cdn.sportmonks.com/images/countries/png/short/westindies.png,26,29,9,NA,n
